{
    "Feeder ID": "222",
    "Number of Spans": 2076,
    "Probability of Shut-off": 0.3095029307001835,
    "Total Customers": 964.0,
    "Annual Customers Affected": 298.3608251949769,
    "Next 10 Years Customers Affected": 2983.0
}